Index,YIELD,GREENSNAP,EMERG,GLEAFSPOT,ANTHRAC,GOSSWILT,FUSARIUM,GIBBERELLA,NLEAFBLIGHT,BROWNRUST,TARSPOT,sector,zone
index_1,0,-2.067777135,0,0,0,0,-0.081573833,0,0,-0.093432514,0,J,Mediterranean b
index_2,0,-1.155637086,4.976436753,0,0,-5.8793137,0,0,0,0,0,I,Humid continental a
index_3,1.235387234,0,0,0,0,0,0,-0.414330935,-4.85750615,0,-1.226040778,B,Mediterranean b
index_4,0,-2.968629327,0,0,0,0,0,0,-0.54612552,0,0,D,Humid continental b
index_5,0,-0.325204901,0,0,0,-4.07168407,-0.435616003,0,0,0,0,J,Sub-arctic
index_6,0,-2.53204545,5.618170647,0,-0.581107632,0,0,-2.976027401,0,0,0,C,Humid continental b
index_7,0,0,5.165979578,0,-0.791295499,0,-0.803940634,-1.477603696,0,-0.429440854,0,J,Subtropical dessert
index_8,0,0,6.136289243,0,0,0,0,-0.402559288,0,-10.22693124,0,E,Subtropical steppe
index_9,0,-1.649195837,5.92966693,0,0,-3.196341324,0,0,-0.691873559,0,0,D,Humid subtropical
index_10,0,0,0,0,0,0,-0.210554495,-0.171756034,0,-0.078833683,0,H,Humid continental a
index_11,0,-2.353253958,0,-0.009843186,0,0,0,-1.448564477,0,0,-0.30848768,C,Mid-latitude steppe
index_12,0,-0.532812947,0,-0.952110242,0,0,0,-1.095055361,-0.521037743,0,-7.105605943,B,Humid subtropical
index_13,0,0,0,0,0,0,0,0,-0.110940742,0,0,C,Mid-latitude steppe
index_14,0,-1.523847582,0,0,0,0,-0.078951435,0,-9.18445915,-0.073724093,-7.266085194,E,Sub-arctic
index_15,0,-1.10863149,0,-6.543525157,0,-1.450559131,-0.694192424,-0.526161582,0,-4.245065021,0,C,Humid continental a
index_16,1.00624777,0,0,-0.001920622,0,0,0,0,-0.29887148,0,-1.724367029,D,Subtropical dessert
index_17,0,-3.543333854,0,-2.38780658,0,-3.009601538,-0.395013767,0,0,-17.51420325,0,J,Subtropical steppe
index_18,0,-2.518185645,0,-0.01248404,0,-4.316780039,-0.354411531,0,-6.451646729,-11.34145519,0,E,Equatorial rainforest
index_19,0.891857402,0,0,-0.035051344,0,-18.31294741,-0.489137131,0,-1.045444261,0,0,J,Subtropical steppe
index_20,0,-2.588870653,0,0,0,0,0,0,0,0,0,F,Subtropical dessert
index_21,0,-4.723416682,0,0,0,0,-0.966848132,0,-0.349899032,-0.022628187,-4.57569774,J,Mediterranean b
index_22,0,0,0,0,-0.888146771,0,-0.144074326,-0.080061577,-0.44935838,0,0,H,Subtropical steppe
index_23,0,-2.798153718,0,0,-0.325585127,0,0,0,-4.528716946,-0.002189825,-7.332164886,I,Mid-latitude steppe
index_24,0,-2.091563335,5.738527673,0,0,0,-0.204198872,0,-0.486392717,-0.378356109,-6.303209685,E,Humid subtropical
index_25,0,0,0,0,0,0,-0.915403659,0,0,0,-0.292667799,B,Sub-arctic
index_26,0,-5.227529734,5.543354117,0,0,-3.715711353,0,0,-0.226686164,0,-2.032854709,B,Humid continental a
index_27,0,0,5.885632666,-0.09118384,-0.236976517,-7.213190114,0,0,-8.711472385,-0.204383624,-3.195615963,I,Subtropical dessert
index_28,0,-1.980905796,0,-10.21031543,0,-1.134213789,0,0,0,0,-5.689612546,F,mid-latitude desert
index_29,0,-2.217733613,0,-0.063140434,0,0,-0.340491693,0,0,-11.64151934,0,B,Humid subtropical
index_30,0,-2.886856474,0,0,0,0,-0.190781444,0,-0.392014889,0,0,E,Mediterranean b
index_31,0,-0.258613641,0,-4.379100341,0,-2.65421458,-0.36917598,0,-8.76402647,0,0,J,mid-latitude desert
index_32,0,0,0,0,0,0,-0.776503581,-0.098537326,0,0,0,G,Mid-latitude steppe
index_33,0,0,0,0,0,0,0,0,-0.201794675,-15.88528362,-1.597807981,A,Mid-latitude steppe
index_34,0,0,5.934747806,-0.132444203,0,0,0,-1.012580371,0,-0.208033331,-8.323360264,B,Mid-latitude steppe
index_35,0,-2.322186057,0,0,-0.704747554,0,0,0,0,-0.152557776,0,I,Humid subtropical
index_36,0,0,4.695285058,-0.085289503,0,0,0,0,0,-15.79955101,0,H,Humid continental b
index_37,0,-2.896558338,0,-0.109147536,0,-1.442843391,0,0,-0.678732343,0,0,I,Humid continental b
index_38,0,0,0,-0.089499744,0,0,-0.257162403,0,0,0,0,J,Humid continental b
index_39,0,0,6.134595617,0,-0.535772994,0,0,0,0,-7.869284415,-1.977485125,J,Humid subtropical
index_40,0,-2.713608904,0,-0.002400777,0,-1.998376675,-0.080262634,0,-0.132098507,-4.549603104,-1.502888695,B,Humid subtropical
index_41,0,-2.396219355,0,0,0,0,-0.519281216,0,0,0,-1.906295661,E,Mid-latitude steppe
index_42,0,0,0,-0.365867571,0,-16.16921746,0,0,0,-4.027537818,-5.944491357,C,Mediterranean b
index_43,0,0,0,-0.095674764,0,0,-0.36117857,0,-8.010751251,-1.069167867,0,J,Mid-latitude steppe
index_44,0,-0.051005595,6.104110358,-0.141426051,0,-4.054177215,0,0,0,-0.220442337,0,B,Humid continental a
index_45,0,0,0,0,0,0,0,0,0,-0.375998352,0,E,Humid subtropical
index_46,0,-2.954769522,0,-0.318011026,0,0,0,-0.409916568,0,0,0,I,Humid continental b
index_47,0,-2.659555662,0,-5.041159696,0,-4.503519825,0,0,0,0,0,B,mid-latitude desert
index_48,0,-0.877520647,4.545077778,0,0,-1.844061874,0,-1.721533137,0,0,0,J,Humid subtropical
index_49,0,0,5.060546382,-0.101849784,0,-2.980423446,0,-0.101274474,-1.801388546,-0.412936552,-5.425293779,J,Mediterranean b
index_50,0,0,0,-0.06049958,0,0,0,-0.324572127,0,-0.070074385,0,G,Mid-latitude steppe
index_51,0.929089354,0,0,0,0,-0.254619422,0,0,0,-17.42847063,0,G,Humid subtropical
index_52,0,-0.082342659,0,-0.016085206,-0.008242661,-1.427411911,-0.087692762,0,-0.301360629,0,0,F,Subtropical dessert
index_53,0,-2.450272597,0,-0.044414374,0,0,0,-1.715725293,0,0,-4.320818929,B,Humid continental a
index_54,0,0,0,-0.046815151,0,0,-0.415314885,-0.293671553,0,-10.6555943,-4.821136596,F,Humid continental b
index_55,0,0,0,0,0,-2.962916591,0,-0.259828068,0,0,0,J,Subtropical dessert
index_56,0,-2.245656544,0,-5.423117017,-0.065941292,-2.70050902,0,-2.337164581,-8.483738016,0,0,A,Humid subtropical
index_57,0.906893383,-2.047093483,0,0,0,-19.88501604,0,-0.103327335,-2.838959133,0,0,A,Humid continental b
index_58,0,-2.480764169,0,0,0,0,-0.702766503,-2.017733171,0,0,0,F,Mid-latitude steppe
index_59,0,-2.879926571,0,0,0,0,0,-0.833197267,-0.598690387,0,-1.637357684,I,mid-latitude desert
index_60,0.90116539,-2.616590265,0,-9.751966648,0,0,0,-1.416707822,0,-10.01259971,-5.217614747,E,Humid continental b
index_61,0,-2.866066766,5.462031802,-1.490496369,0,-3.330560545,-0.334842249,-2.284893987,0,0,-0.031639762,F,mid-latitude desert
index_62,0,0,5.426249983,0,0,0,0,0,0,0,0,C,mid-latitude desert
index_63,0,0,4.975252111,0,-0.638806262,0,0,0,0,-0.296620517,0,E,mid-latitude desert
index_64,0,-2.010897091,0,-5.932393444,-0.892268102,0,0,-0.605620199,-5.750925595,0,0,C,Humid continental b
index_65,0,-2.185673952,0,-8.631558508,0,0,-0.517435659,0,0,-0.107301402,0,J,Subtropical dessert
index_66,0,0,0,0,0,0,-0.958274053,-0.546761964,0,0,0,J,Subtropical steppe
index_67,0,0,0,0,-0.533712329,-0.455228663,-0.488521946,0,-0.482808749,0,-2.325522507,E,Subtropical dessert
index_68,0,0,0,0,0,0,-0.139266595,-0.205970383,-0.489976686,0,0,C,Humid subtropical
index_69,0,-0.611155606,0,-0.018966138,0,0,0,-0.484960817,0,0,0,G,Mediterranean b
index_70,0,-2.418395044,4.313989655,0,0,-2.89872479,-0.129214069,-0.017791462,0,-4.172555953,0,I,Mid-latitude steppe
index_71,0,-4.099003924,0,0,0,0,0,0,-1.015799388,0,0,G,Humid continental b
index_72,0.554228273,-2.032614926,0,0,-0.420375734,0,-0.243038795,-1.404336574,-0.647671285,0,0,F,Subtropical steppe
index_73,0,-5.118687144,0,-0.04585484,0,0,0,0,0,0,-1.241860659,B,Humid continental b
index_74,0.69645306,-1.104714357,5.861921909,-10.82144715,0,-3.248861888,-0.172420753,0,0,-14.42782922,0,I,Humid subtropical
index_75,1.285354087,-1.331908068,0,0,0,0,-0.2176163,-2.511399896,0,0,-3.021597271,E,Mid-latitude steppe
index_76,0,-0.571984277,0,0,0,0,-0.437461559,-0.211444679,-0.140810528,0,-2.934587926,B,Subtropical dessert
index_77,0,-1.688367166,0,0,0,0,0,-0.767217275,-4.261913081,0,-2.570730663,B,Humid continental b
index_78,0,-0.524978682,5.846679279,0,0,-3.791574391,-0.289646702,0,-8.34359379,0,-2.887128283,H,mid-latitude desert
index_79,0,0,0,-0.605150294,-0.486317025,0,0,0,0,0,0,C,Humid subtropical
index_80,0,-2.543133295,0,0,0,-18.93224717,0,0,0,-7.912150721,-0.300577739,F,Humid continental b
index_81,0,-2.573624867,0,-10.10846015,-0.418315068,-4.748615794,0,-0.57324817,-0.181881484,0,0,E,Equatorial savanna w
index_82,0,-2.576396828,0,0,-0.337949119,0,0,-2.081619453,0,0,0,H,Humid continental a
index_83,0,-2.292194761,0,0,0,-8.689981857,0,0,-5.050204462,0,-6.50144876,A,Humid continental a
index_84,0,0,0,0,-0.072123288,0,0,0,0,-16.95694127,-1.89838572,E,Humid subtropical
index_85,0,-3.325648672,0,-7.281975976,0,0,-0.495288985,0,-6.206394332,-0.027007836,0,J,Humid subtropical
index_86,0,-2.148443379,0,-7.867643867,0,0,0,0,0,0,0,D,Subtropical steppe
index_87,0.987388216,-1.237896877,5.040407457,0,0,-20.31376203,-0.452841193,0,0,0,0,I,Humid continental b
index_88,0,0,0,-0.089780427,0,0,0,0,-8.623882243,-10.35553016,0,B,Subtropical steppe
index_89,0,-2.23221217,0,-3.297080927,0,0,0,0,0,0,0,I,Mid-latitude steppe
index_90,0,-2.918734027,0,0,-0.061819961,0,0,0,0,-0.295048679,0,D,Humid subtropical
index_91,0,-4.522917172,0,0,0,-3.044615248,-0.346141136,0,0,0,0,F,mid-latitude desert
index_92,0,-0.117596855,0,-0.14647834,0,-3.849930574,0,-0.923919756,0,0,0,F,Humid subtropical
index_93,0,0,4.344801405,0,0,0,0,0,0,-3.055916315,0,A,Mediterranean b
index_94,0,-0.810929387,0,-3.644040876,-0.54195499,-1.720610033,0,0,0,0,0,C,Mediterranean b
index_95,0,-1.905410465,0,-0.198369665,0,-1.952082235,0,-0.374601627,0,-2.707872791,0,F,Subtropical steppe
index_96,0,0,5.670216928,-2.160487993,0,0,0,-1.344542206,0,0,-1.827196256,A,Mid-latitude steppe
index_97,0,0,0,0,-0.739778865,-2.067818336,-0.443613413,0,-0.367323074,-0.837138852,0,F,Mediterranean b
index_98,0,-1.969529787,0,0,0,0,-0.863959186,0,-0.659617846,0,0,H,Sub-arctic
index_99,0,-2.281852935,0,-0.00312101,-1.017968689,-8.88053563,-0.245157336,0,0,-8.212214862,0,F,Mediterranean b
index_100,0,-2.326322787,0,-3.428686425,0,-15.31172548,0,0,0,0,0,C,Humid continental a
index_101,0,-2.551449178,0,0,0,0,0,0,-0.143299677,0,0,J,Humid continental a
index_102,0,0,0,-9.802894291,0,-3.552314041,-0.360563385,0,-0.252822227,-1.025662427,0,B,Subtropical steppe
index_103,0,0,0,-0.046094918,0,-1.080203608,0,0,0,0,0,E,Humid continental b
index_104,0,-3.159520507,4.217702937,-0.110270267,0,0,-0.508823064,0,0,-0.420795743,0,B,Humid subtropical
index_105,0,-3.274091656,4.818532057,-0.011763807,0,0,-0.322131002,-1.506642915,0,0,-6.954566647,C,Sub-arctic
index_106,0,0,0,0,0,0,0,0,-0.429049227,-1.446215018,0,A,Mid-latitude steppe
index_107,0,0,0,-4.404564162,-0.234915851,0,0,-0.693907552,0,0,-3.31426507,B,Humid subtropical
index_108,0,-2.665099584,0,0,0,-3.931629231,-0.460223418,-0.003421435,0,0,0,F,Sub-arctic
index_109,0,-4.620302648,0,0,0,0,-0.462068974,-1.045570367,0,-0.361065888,0,I,Subtropical dessert
index_110,0,0,0,-6.950946298,0,-3.651519552,0,-0.620334758,0,0,0,D,Humid subtropical
index_111,0.935533345,-0.180270982,0,0,0,-2.887053553,0,0,0,0,0,I,Mediterranean b
index_112,0.932669349,0,0,0,0,-0.740711046,0,-2.209392017,-7.415138288,-0.411364714,-2.823848759,C,Sub-arctic
index_113,0.921213364,-5.187429833,0,-9.650111363,0,-3.453108529,0,0,-2.601800142,0,0,F,Subtropical steppe
index_114,0,-2.775978029,0,-0.104937295,0,0,-0.153353881,0,0,-16.4425456,-3.116516557,B,Humid continental b
index_115,0,-2.392061413,5.023822459,0,0,-9.73802761,-0.339785512,0,0,0,0,H,Subtropical steppe
index_116,0,-2.762118224,0,0,0,0,0,-1.243510343,0,0,0,D,Mid-latitude steppe
index_117,0,-2.491852014,0,0,0,-3.27803998,-0.279760176,0,0,-12.88464221,0,J,Mid-latitude steppe
index_118,0,0,0,0,-0.661473581,0,0,0,-0.176903187,-0.106571461,0,F,Mid-latitude steppe
index_119,0.936249344,-3.594890871,4.961036399,0,0,0,-0.454071564,-1.282685964,-0.714572024,0,-8.144001101,A,Humid continental b
index_120,0,0,0,0,0,-3.091300194,-0.094685824,0,-4.765875937,-8.640877921,-5.642412766,J,Equatorial savanna w
index_121,0,-2.717766846,0,0,-0.822205479,0,0,0,0,0,0,F,Humid subtropical
index_122,0,-2.863294805,0,-0.988002651,0,0,-0.123969272,0,0,-0.060585146,0,G,Humid subtropical
index_123,0,-4.127646711,0,-0.133566934,-0.086547945,-4.10669778,0,0,0,0,0,H,Humid subtropical
index_124,0.97918841,-4.242217859,0,-9.675575184,-0.17309589,-21.07597712,0,0,0,-0.008029357,0,B,Subtropical dessert
index_125,0,0,4.891709962,0,0,0,-0.908544396,-0.627692037,0,0,0,J,Subtropical steppe
index_126,0,-2.042956752,0,-3.500471242,-0.039152642,-3.978314177,0,0,0,-11.77011825,-0.094919286,J,Humid continental a
index_127,0,-1.010703167,0,0,0,-4.620232191,0,-0.389316185,0,-3.926025124,0,D,Subtropical dessert
index_128,0,-2.963085405,0,0,0,0,0,0,0,0,0,H,Subtropical dessert
index_129,0,-3.35429146,0,-10.74505568,0,0,0,-0.164228877,-2.201594344,0,-1.700637208,F,Mediterranean b
index_130,0,-2.344938074,0,0,0,0,0,0,0,0,-1.866745958,C,Subtropical steppe
index_131,1.010347673,-2.334596248,5.748286351,-9.420936971,0,0,-0.35195079,-0.736289154,-5.312974887,-0.401933684,-1.194401016,A,mid-latitude desert
index_132,0,-2.746872437,0,0,-0.836630137,-9.547473837,0,0,-0.34367616,0,-2.586550544,J,mid-latitude desert
index_133,0,-2.656783701,0,-1.717814956,0,-4.526862298,0,0,0,0,0,D,Equatorial savanna w
index_134,0,-2.037785839,5.266858246,-0.026168469,0,0,-0.471911941,-1.35485158,0,0,0,H,Humid continental b
index_135,0,0,0,-11.02515772,-0.171035225,-0.956751767,-0.117413276,-1.010518496,-0.327496692,-2.490345589,0,F,Mid-latitude steppe
index_136,0,0,0,-0.052817093,-0.063880626,-3.96664294,0,-0.09306303,0,-0.45144659,0,F,Humid continental b
index_137,0,-5.416572129,5.836517526,0,0,0,-0.099493555,0,-0.10471787,-0.365781403,-3.377544594,J,Humid subtropical
index_138,0,-4.820802158,0,0,0,-4.550204771,0,0,-3.980286778,-0.172996139,0,E,Humid subtropical
index_139,0,-4.047446907,0,0,0,0,-0.047482655,0,-0.418297322,0,-3.812591322,D,mid-latitude desert
index_140,0,-2.911804124,5.585641721,0,0,-3.167163232,0,-0.109485918,0,0,0,E,Mid-latitude steppe
index_141,0,0,0,0,0,0,-0.570725689,-3.109607809,0,0,-4.047060206,H,Mid-latitude steppe
index_142,0,0,4.429533717,-2.938156843,0,0,-0.429464149,-0.130014527,0,0,-1.843016137,D,Humid subtropical
index_143,0,-5.307729538,5.887326292,0,0,0,-0.205611232,-2.00030964,0,0,0,F,Mid-latitude steppe
index_144,1.167250616,0,0,0,0,-0.609543465,0,0,-2.527687957,-7.826418109,-3.741401857,B,Subtropical dessert
index_145,0,0,0,-3.572256059,0,0,-0.162534227,0,-7.905643081,-2.649865537,0,B,Humid continental a
index_146,0.760079938,-1.566936045,0,0,0,0,0,-1.953846889,0,0,0,H,Mediterranean b
index_147,0,-2.455816519,0,0,0,0,0,-1.227015345,-0.593911762,0,-1.41587935,J,Humid continental b
index_148,0.996408003,-3.027763687,0,0,0,0,-0.565581241,-2.784368555,0,0,-4.707857124,G,Mid-latitude steppe
index_149,0,-3.497505395,0,0,0,0,0,-2.389435176,0,0,0,E,Humid subtropical
index_150,0,-1.085128693,5.22131775,0,0,0,-0.187956722,-0.010264305,0,-13.01324113,-7.55872383,F,Humid continental b
index_151,0,-5.313458096,4.772314432,-0.14030332,0,0,0,-0.222393271,0,0,0,E,Subtropical steppe
index_152,0.919781366,0,0,-0.079395165,0,0,0,-0.053374385,0,0,-4.056500162,F,Mid-latitude steppe
index_153,0,-5.342100883,0,0,0,0,0,-0.148490276,-3.787595098,0,0,B,Humid continental b
index_154,0,-2.196015779,5.116224586,0,0,0,-0.213379217,0,-5.453119114,-0.866142479,0,D,Mid-latitude steppe
index_155,0,-2.687275273,0,0,0,0,0,0,0,0,-8.219520748,H,Mediterranean b
index_156,0,0,0,-0.003361088,0,0,0,-0.806392896,-0.072358935,-0.40507736,0,E,Humid continental b
index_157,0,-2.364341802,0,-0.032410489,0,-4.322615657,0,0,0,0,-0.371767204,I,Subtropical steppe
index_158,0,-2.897944319,0,0,0,0,-0.480524536,0,0,0,0,C,Humid continental b
index_159,0,-1.371079398,0,-0.038172354,0,0,-0.689047977,-2.604325397,0,0,0,D,Humid continental b
index_160,0,0,4.587443934,-0.130479424,0,0,0,-2.993450933,-0.639308693,-0.151097893,0,J,Mediterranean b
index_161,0,0,0,0,-0.156610568,0,0,0,0,0,-7.634243478,C,Subtropical dessert
index_162,0,0,5.164794935,0,-0.696504892,0,-0.714770214,0,0,0,0,J,Mid-latitude steppe
index_163,0,-2.226007074,0,-3.560291923,0,0,0,-2.110658672,-0.329985841,-2.664367351,0,F,Humid continental b
index_164,0,-3.090777818,0,-0.109708901,-0.022667319,0,0,0,-0.083560105,0,-7.615363566,D,Mid-latitude steppe
index_165,0,-3.445948378,0,0,0,0,-0.215497758,0,-0.561656049,-1.373705951,0,A,Subtropical steppe
index_166,0,-2.351867977,0,-0.146197657,0,-0.01543148,-0.216910119,0,-8.571328158,0,-1.431699231,C,Humid subtropical
index_167,0,0,0,0,0,-9.88094294,0,-1.959654733,0,-0.619611649,-2.104044173,I,Humid continental a
index_168,0,-1.002868901,5.130440298,0,0,0,0,-1.39815095,-0.356121904,-1.156178748,-1.73227697,G,Subtropical dessert
index_169,0,0,0,0,0,-2.746998714,0,-2.372011644,0,0,-1.558258279,F,Subtropical dessert
index_170,0,-1.335825201,0,-0.082763358,0,0,-0.444843783,-0.876496637,0,0,-2.610280365,J,Subtropical steppe
index_171,0,-2.591642614,0,-0.00624202,-0.900510763,-9.30928162,0,-0.132751675,0,0,-0.917553098,G,Humid continental b
index_172,0,0,0,0,0,0,-0.111294347,0,0,-5.425904978,-2.309702626,B,Mediterranean b
index_173,0,-3.067863589,5.113855301,0,0,0,0,0,0,0,0,I,Humid continental a
index_174,0,-1.096880091,0,-1.059787468,0,0,0,-1.564721354,0,-0.259682317,-3.029507212,H,Subtropical steppe
index_175,0,-0.967614704,0,0,0,-2.875382317,-0.197137067,0,0,-0.051095906,0,C,mid-latitude desert
index_176,0,-1.735372761,0,-0.068182066,0,0,-0.279053996,0,0,0,0,F,Mid-latitude steppe
index_177,0,-2.385131511,0,-4.328172698,0,-2.62335162,-0.560436794,0,0,0,0,A,Subtropical dessert
index_178,0.906177384,-2.27978457,5.001314249,-0.09427135,-0.076244618,-4.725273321,-0.050979186,-2.900525432,0,0,0,A,Mid-latitude steppe
index_179,0,0,5.533595439,-1.741743228,0,-2.345584978,-0.160415686,0,-1.549407118,-9.583936652,0,J,Subtropical steppe
index_180,0,-5.559786065,0,0,0,-0.879594367,-0.175951655,0,0,-0.337488313,0,J,Mediterranean b
index_181,0,-0.430967491,0,0,-0.642927593,0,-0.484830834,0,0,0,0,I,Mid-latitude steppe
index_182,0,0,4.949481993,0,0,-4.188396436,0,0,-0.394404201,0,0,H,Mediterranean b
index_183,0,0,5.007237462,0,0,0,0,0,-0.277713715,0,0,G,Humid continental a
index_184,0,-2.227041257,0,-0.186405529,-0.560500978,0,-0.069335974,-1.06412724,-0.648865941,0,-0.450866609,G,Humid continental a
index_185,0,0,6.080399601,0,0,-0.802436966,0,-0.406973656,-0.695457527,-17.85713369,-7.284965106,C,Mid-latitude steppe
index_186,0.741366151,-2.389289452,0,-0.024247847,0,0,-0.060594647,-0.618863302,-0.205528399,-13.09897374,0,D,Mid-latitude steppe
index_187,0,-2.030546561,0,0,0,0,0,-3.289650967,-0.667980438,-0.381499786,0,H,Equatorial savanna w
index_188,0,0,0,-4.531883269,0,0,-0.761070239,0,0,0,-6.510888716,E,Subtropical steppe
index_189,0,0,0,0,-0.451285714,-4.345958131,-0.77307395,0,0,-0.338274232,0,A,Sub-arctic
index_190,0,-2.350481997,0,0,-0.500741683,0,0,-2.662403835,0,0,-1.518708576,G,Mediterranean b
index_191,0,0,5.780815277,-6.645380442,-0.807780822,-10.73843492,0,0,0,0,-0.363857263,C,Humid continental b
index_192,0,0,6.107497609,-0.61711443,0,0,0,-0.18612606,-8.816580555,0,0,C,Subtropical steppe
index_193,0.946389185,0,0,0,0,0,0,0,-7.993233223,0,0,E,Humid subtropical
index_194,0,0,0,-9.930213398,0,-19.0751625,0,-0.683607361,0,-0.391716735,0,G,Subtropical steppe
index_195,0,-3.193891852,0,-0.092587254,0,0,0,-0.071850134,0,-2.591858283,0,H,Mid-latitude steppe
index_196,0.655282727,-2.462746422,0,0,0,0,0,0,-0.793462833,0,-2.159413757,I,Sub-arctic
index_197,0,-0.564150011,0,0,0,-7.927766764,0,-0.062954403,0,0,0,G,Subtropical steppe
index_198,0,-2.192913231,4.979990681,0,-0.651170254,0,-0.209142134,0,-8.413665903,0,-5.028815627,F,Mediterranean b
index_199,0,0,0,0,0,-0.316345342,0,0,-9.429711547,-2.272818387,-5.623532854,J,Humid continental b
index_200,0,0,4.263920562,-6.41620605,0,-4.649410283,0,0,-5.873551794,0,0,A,Humid continental a
index_201,0,-1.863008978,4.36020728,-0.03024979,0,0,0,0,-0.662007158,0,-5.519693338,J,Humid continental b
index_202,0,-3.245448869,0,-4.964768232,0,0,0,0,-0.235398185,0,-0.996652503,B,Mid-latitude steppe
index_203,0.882549414,0,0,0,0,-1.496853571,-0.522710847,0,-0.144544252,-0.030657544,0,E,Humid subtropical
index_204,1.171793057,0,6.100723107,-5.143014982,0,0,0,0,0,0,0,B,Humid subtropical
index_205,1.344405823,0,0,-0.143952195,0,0,0,-1.412584073,0,0,-1.178581135,B,Mediterranean b
index_206,0,-2.684503312,0,-0.145074926,0,0,0,0,-0.188104357,-0.00948924,-6.945126691,G,Mid-latitude steppe
index_207,0,-3.526148182,0,0,0,-8.928174074,0,0,-5.365528972,-4.042039632,0,H,Mid-latitude steppe
index_208,0,0,0,0,0,-0.686700865,-0.620455346,-0.174493182,0,-0.084673215,0,H,Subtropical dessert
index_209,0,-2.881312552,0,-0.023047459,0,0,0,0,-2.572155268,-0.221958198,-6.492008804,F,Humid subtropical
index_210,0,-1.897137004,0,0,-0.605835616,0,0,-2.499784208,0,0,-6.123850521,A,Subtropical dessert
index_211,0,-0.262530774,0,0,0,0,0,0,-0.20303925,0,-2.910858104,J,Humid continental b
index_212,0,-0.301702104,6.066850597,-6.059712551,-0.010303327,-4.45099926,0,-1.049694116,0,0,0,H,Humid continental b
index_213,0,-0.348707699,0,0,0,0,-0.288940522,0,-0.523427055,-0.200733916,0,G,mid-latitude desert
index_214,0,-2.80369764,0,0,0,-1.874924834,0,-1.323923459,-0.149522549,0,0,G,Humid continental a
index_215,0,-2.533431431,0,0,0,0,0,-1.113612234,-0.307583501,-10.39839646,0,C,Mid-latitude steppe
index_216,0,-2.209460152,0,0,0,0,0,-0.004790009,0,-0.305265628,-2.942497866,G,Sub-arctic
index_217,0,0,0,-0.059299191,0,-3.418094819,-0.100804754,-0.009580018,-0.553293457,0,0,E,Subtropical dessert
index_218,0,0,0,-0.032890644,-0.723293542,-3.032944011,0,0,-7.327548146,-0.449874752,0,J,Subtropical dessert
index_219,0,-1.606107374,5.478296265,0,0,0,0,0,0,0,-2.879218342,F,Humid subtropical
index_220,0,-2.017102187,5.088977805,-5.168478803,0,0,-0.524425663,-1.148664105,0,0,-6.794087396,J,Humid continental b
index_221,0,-3.348562902,5.631182217,-10.08299633,0,0,-0.163240407,0,-6.609308984,0,-1.004562444,B,Mediterranean b
index_222,0,-2.235314718,0,0,0,-0.586396244,0,-0.117013075,0,-0.35870813,-0.403406966,D,Mediterranean b
index_223,0,0,4.934076118,-2.088703176,0,-3.155491995,0,-2.087427297,0,0,-0.197748513,F,Subtropical dessert
index_224,0,-2.633222031,0,0,0,-1.026193428,0,0,-0.122141912,0,0,H,Humid continental a
index_225,0.890425404,0,0,0,0,-17.6460092,0,0,-0.541346896,-15.92814993,-1.42378929,H,Subtropical steppe
index_226,0,0,4.729948276,0,-0.655291585,-3.143820759,0,-0.763093526,0,0,0,G,Humid continental b
index_227,0,0,4.737651214,-0.038892587,0,0,-0.905114764,-1.194025349,0,-0.764629784,-4.396338577,B,Mediterranean b
index_228,0,-3.119420606,5.637688002,-0.401759979,0,0,0,-0.679192993,0,0,-5.850091798,C,Humid subtropical
index_229,0,0,0,0,0,0,0,-2.180352798,-0.480419437,0,0,B,Mid-latitude steppe
index_230,0,-3.84121884,0,0,0,0,0,0,0,0,0,A,Humid continental b
index_231,0,-2.988033055,4.468048404,-5.652291409,0,0,0,0,0,-2.736876418,-6.45424898,J,Humid subtropical
index_232,0,-2.224972892,0,0,0,0,0,0,0,-0.648615276,0,E,mid-latitude desert
index_233,0.55797103,-2.756574301,0,0,0,0,-0.487291575,-0.967219126,-3.002005939,-0.372854675,-3.140246379,B,Humid subtropical
index_234,0,0,0,0,0,0,0,-0.866187263,-0.413518698,0,0,E,mid-latitude desert
index_235,0,-0.736503861,0,-0.071062998,0,-20.07556981,0,0,0,0,0,C,Mediterranean b
index_236,0,0,5.867002786,0,0,0,0,0,-8.361111818,-0.37757019,-4.216979413,F,Subtropical steppe
index_237,0,-2.90210226,0,0,0,0,0,-3.237380373,-0.46727822,0,-0.719804586,I,Humid subtropical
index_238,0,-5.004115995,5.173087434,0,0,0,-0.726773924,0,0,0,-0.78308411,F,Subtropical steppe
index_239,0,-4.213575072,0,0,0,0,-0.131836467,0,-0.368567648,0,-0.134468989,H,Mid-latitude steppe
index_240,0.629083424,-0.936277641,4.645215964,-0.02496808,0,0,0,0,-5.996177992,0,0,B,Subtropical dessert
index_241,0,-4.053175464,0,0,0,0,0,-0.195706078,0,0,0,D,Humid continental b
index_242,0,-0.638575537,0,0,0,0,0,-1.024951619,-0.134587656,-14.68502706,0,J,Sub-arctic
index_243,0,0,0,0,-0.873722114,0,-0.450995637,-1.18577785,-2.483220646,0,-4.755056904,E,Sub-arctic
index_244,0,-4.574474189,0,0,0,-3.272204362,0,0,0,0,-1.850926077,A,Subtropical dessert
index_245,1.03097738,-1.941606857,0,-0.013444351,-0.989119374,-3.546478422,0,-0.133435962,-4.588006694,-0.011679064,0,J,Mid-latitude steppe
index_246,0,0,0,0,0,-20.36140047,0,0,-6.749453211,0,0,E,Mid-latitude steppe
index_247,0,0,0,-1.430675688,0,0,0,-2.737905805,-6.416610672,0,-3.480373821,H,Subtropical steppe
index_248,0,0,0,0,0,0,0,0,0,0,-3.369634654,J,Mid-latitude steppe
index_249,0,-1.933333396,0,0,-0.566682975,0,0,-0.240699142,-3.891352157,0,0,C,Mediterranean b
index_250,0,-2.854978921,0,-4.353636519,0,0,0,-0.496732464,0,-5.125840836,-0.814723872,G,mid-latitude desert
index_251,0,0,5.653952465,-0.03961282,0,-16.26449435,-0.463914531,-3.388384312,0,0,0,D,Humid subtropical
index_252,0,0,0,0,0,-3.925793612,0,0,0,0,0,I,Humid continental b
index_253,0,-1.057708762,4.799274713,0,0,-2.834532988,-0.491597873,0,0,-12.67031068,0,D,Mediterranean b
index_254,0,-2.11328117,5.049884598,0,-0.331767123,0,-0.458377862,-0.212813253,0,0,0,D,Humid continental a
index_255,0,-2.666485565,5.142286725,-0.100727054,-0.846933464,0,-0.221147202,-1.831882169,-7.818052939,-0.300550113,0,E,Humid continental a
index_256,0,-2.25599837,0,-3.22529611,0,-9.499835394,-0.146259658,0,0,-0.049636023,0,I,Humid continental a
index_257,0,0,5.536848332,0,-0.612017613,-4.5910541,-0.989140737,0,0,0,0,B,Subtropical dessert
index_258,0,0,5.244087998,-0.124304404,-0.756264188,0,-0.911974027,0,0,-0.226673712,0,A,Sub-arctic
index_259,0,-2.5569931,0,0,0,0,0,0,-7.310030118,0,0,J,Mediterranean b
index_260,0,-0.658161202,0,-3.620112603,0,0,-0.189369083,-0.661535522,-0.640503349,0,-6.576968408,C,Subtropical steppe
index_261,0,-2.139135735,0,-7.562078011,0,0,0,-0.050637237,0,0,0,A,Mid-latitude steppe
index_262,0,-2.115349535,5.982169321,-0.034091033,0,0,-0.059283448,0,0,0,0,G,Humid continental b
index_263,0.910473378,-3.50896251,0,-1.681922547,-0.298796477,0,0,-0.517332847,0,0,0,I,Humid subtropical
index_264,0,-2.907646183,0,0,0,0,0,0,0,-11.25572258,0,C,Mediterranean b
index_265,0,-0.133265387,0,0,0,-14.69242572,0,-1.352789705,0,0,0,I,Humid continental a
index_266,0,0,0,-0.119532797,0,-15.78810991,0,0,-2.008902663,0,0,H,Humid subtropical
index_267,0,0,5.816597095,0,0,-3.511464712,0,0,0,-16.01388254,0,G,Humid subtropical
index_268,0,-3.13087772,0,0,-1.024150685,0,0,-2.941180338,0,0,0,D,Humid subtropical
index_269,0,0,0,0,0,0,-0.937696264,0,0,0,0,C,mid-latitude desert
index_270,0,-3.990161333,5.124517085,0,0,0,0,0,0,0,-5.82177193,A,Subtropical dessert
index_271,0,-3.268363098,0,0,0,0,0,0,-5.225384745,0,0,B,Sub-arctic
index_272,0,0,0,-0.054017482,0,0,-0.12659167,-0.042425793,0,0,0,E,Mediterranean b
index_273,0,0,0,-0.036971965,0,-7.784851434,0,0,0,0,0,I,Humid subtropical
index_274,0,-2.983875114,0,0,0,0,0,0,-0.120897338,0,-4.943856024,I,Subtropical steppe
index_275,0,0,0,0,0,0,0,0,0,0,0,I,mid-latitude desert
index_276,0,-2.583326731,0,-0.138899906,0,0,0,0,0,-0.010219181,0,B,Humid subtropical
index_277,0,-2.131896457,0,-0.736755791,-0.869600783,0,0,0,-3.476323922,0,-3.796771441,J,Humid continental b
index_278,0,0,5.061731024,0,-0.053577299,0,0,-2.104850829,-0.06240234,-0.089782806,-3.108606617,J,Mid-latitude steppe
index_279,0,-4.843716388,0,-0.131602155,-0.614078278,0,0,0,0,-0.236104742,0,B,Humid subtropical
index_280,0,0,4.884007025,-7.103729227,0,0,0,0,0,-0.267541508,0,J,Humid continental b
index_281,0,-4.184932285,4.383316092,-0.028089091,-0.91081409,-2.006092415,0,-0.095800178,0,0,0,J,Humid subtropical
index_282,0,-0.274282173,0,0,0,0,-0.159709505,0,-5.80347968,-0.605109836,0,A,Mid-latitude steppe
index_283,0,-2.308741683,0,-0.087815647,0,0,-0.701051687,0,0,0,0,H,Humid subtropical
index_284,0,0,0,-5.524972302,0,0,0,-1.212582222,-0.318784671,0,0,H,Subtropical dessert
index_285,0,-3.600619428,5.176641362,0,0,-3.7623963,-0.327074265,0,0,0,-0.553695835,B,Mid-latitude steppe
index_286,0.561713788,-1.809798287,0,-0.053057171,0,-1.666599853,0,0,0,0,0,E,Humid subtropical
index_287,0,-0.446636023,0,0,0,-3.482286621,0,-0.458474611,0,0,0,A,Humid subtropical
index_288,0,-4.425531696,5.848372905,0,0,-2.175838696,0,-0.897115385,0,-0.029927602,-5.614092898,G,Humid continental a
index_289,0,-3.97297566,0,-4.022606842,0,-14.35895661,-0.056223983,0,0,0,0,H,Subtropical dessert
index_290,0,-3.669362117,0,0,0,0,-0.154060062,0,0,0,-1.613627862,D,mid-latitude desert
index_291,0,-3.205348967,0,0,0,0,0,0,-0.683510967,0,0,D,Equatorial savanna w
index_292,0,-2.154648474,4.425682248,0,0,0,0,-0.443760053,0,-3.998534191,-6.671367968,C,Humid subtropical
index_293,0,-2.472448286,0,0,0,0,0,-0.001368574,-0.221707866,0,0,D,Humid subtropical
index_294,0,-2.97417325,6.132901992,-0.437652388,0,0,-0.563866426,0,0,0,-4.9060962,D,mid-latitude desert
index_295,0,-2.559765061,0,0,0,-2.322437758,0,0,-3.550436107,0,-2.491631258,G,mid-latitude desert
index_296,0,0,0,0,-0.991180039,0,0,-0.166281738,0,0,0,C,Humid subtropical
index_297,0,-2.927049911,0,0,0,0,-0.036555996,0,0,0,0,D,mid-latitude desert
index_298,0,-1.163471352,0,-5.092087339,0,-2.029239635,-0.137955396,0,0,-2.533851029,-0.348037382,D,Subtropical dessert
index_299,0,-2.078118961,5.905956173,0,0,-2.58477292,0,0,-4.172978459,0,0,F,Subtropical steppe
index_300,0,0,0,0,0,-15.59755614,0,0,-1.63834174,0,0,E,Mediterranean b
index_301,0,0,5.828049399,0,-0.385344423,0,0,0,0,0,0,C,Humid subtropical
index_302,0,0,0,0,0,0,0,-0.592377096,0,0,0,D,Humid subtropical
index_303,0,-3.365748574,0,-0.246226209,0,-18.50350118,0,-3.092184278,-5.032686434,0,-6.765767528,H,Humid continental b
index_304,0,-0.086259792,0,-0.014884817,0,-0.563249024,0,0,-0.700236152,-0.122630174,0,G,Mediterranean b
index_305,0,-1.886795178,0,0,0,0,0,0,0,-0.376784271,0,A,Humid continental b
index_306,0,-3.554790969,0,0,-0.189581213,0,-0.068461842,0,0,-0.343775666,0,B,Mediterranean b
index_307,0,0,5.494560728,-0.042493752,0,-3.896615521,0,-0.132067388,-0.066136063,0,-3.646482571,F,Subtropical dessert
index_308,0,-0.207690913,0,-0.02712878,-0.593471624,0,0,0,0,0,-1.526618517,G,Humid subtropical
index_309,0,0,0,0,0,0,0,-2.232623393,0,0,0,C,Humid continental b
index_310,0,0,5.170718148,-0.050176239,0,-6.498613464,0,-0.035582923,0,-1.605734966,-5.878411666,A,mid-latitude desert
index_311,0,-1.355410866,0,0,0,-15.40700237,-0.603307188,0,-0.503117902,0,0,G,mid-latitude desert
index_312,0,-2.774592049,0,-3.249224383,-0.288493151,0,-0.814229528,0,0,0,-4.726737036,J,Mid-latitude steppe
index_313,0.968528661,-0.125431121,0,0,0,0,0,-0.377544538,0,0,0,F,Humid continental b
index_314,0.998867944,-1.926094118,0,-0.079114483,0,-6.784444124,0,0,0,0,0,D,Humid continental a
index_315,0,-2.913190105,0,0,0,-6.832082567,-0.509438249,-0.181336051,0,0,0,J,Humid continental a
index_316,0,-3.789661823,0,-0.126269183,0,0,-0.709625766,0,0,0,0,C,Mid-latitude steppe
index_317,0,-1.539516114,0,0,0,-17.88420142,-0.312244476,0,0,0,0,F,Humid subtropical
index_318,0,-2.025375648,6.044833465,-0.013684429,0,0,-0.327780445,-0.4555317,0,-0.205843507,-0.284757858,B,Subtropical dessert
index_319,0,0,0,-0.084166772,0,-4.614396573,0,0,0,-5.211573448,0,G,Humid subtropical
index_320,0,0,5.208306179,-2.196380402,-0.309099804,0,0,0,0,0,-5.755692238,A,Humid subtropical
index_321,0,0,0,0,0,-2.268427577,-0.05054212,-0.433459862,-0.209262122,-15.41375426,0,F,Equatorial rainforest
index_322,0,-1.925059935,0,0,0,0,-0.349490048,-1.295057212,0,-16.14248146,0,D,Humid subtropical
index_323,1.239929675,-2.123622996,0,0,0,0,-0.246569697,0,0,0,0,E,Humid continental b
index_324,0,-2.674801448,0,-11.45804268,0,-3.493957857,-0.185838181,0,-0.316295522,-0.367353241,0,G,Humid continental a
index_325,0,-2.087426605,0,0,0,0,-0.505131952,-2.650788147,0,-0.240034338,0,E,Subtropical steppe
index_326,0.90904138,-2.317015144,0,0,0,0,0,0,0,-0.287189487,0,I,Mid-latitude steppe
index_327,0.977548448,-2.289092213,0,0,0,0,0,0,-0.504312558,0,-2.278062864,J,Subtropical dessert
index_328,1.149080851,-2.299434039,5.016714604,0,0,-7.73721299,-0.44791971,0,-3.609725855,-1.054666054,-4.254739237,D,mid-latitude desert
index_329,0,0,0,0,0,0,-0.68390353,-1.231139095,-4.024754089,-3.258941704,0,A,Mid-latitude steppe
index_330,0,-1.24181401,0,0,0,0,0,0,0,0,0,J,Mediterranean b
index_331,0,-0.004,0,0,0,0,0,0,0,0,0,D,Subtropical dessert
index_332,0,-2.737170573,0,-0.130760107,0,0,-0.922262922,-0.698321919,0,0,0,G,Subtropical steppe
index_333,0,0,0,0,0,0,0,0,0,-16.61401082,0,A,Subtropical steppe
index_334,0.644054454,-2.290126396,0,-3.38082988,0,-10.02385827,0,-3.150262716,-0.295137757,0,0,F,Sub-arctic
index_335,0,0,0,-0.425688252,0,0,-0.273404553,0,0,0,-3.575293107,J,Humid continental b
index_336,0,-2.501553878,0,-2.507447942,0,0,0,-0.417273847,0,0,0,D,Humid subtropical
index_337,0,0,0,0,0,-0.285482382,0,-2.493976364,0,-11.98444978,0,D,Mediterranean b
index_338,0,-2.376815627,0,-2.615125167,-0.241097847,0,0,-3.4,0,-3.955028751,0,E,Mid-latitude steppe
index_339,0,-3.629262216,0,-2.902264434,0,0,0,-0.677721537,0,0,0,E,Mediterranean b
index_340,0,-3.342834345,5.856841033,0,0,0,0,0,-0.170680315,-2.200309319,-1.344689885,E,Humid continental b
index_341,0,-5.279086751,6.009267329,0,0,0,0,0,0,-0.043796491,0,F,Equatorial savanna w
index_342,0,-2.35879788,5.588894613,-10.46495365,-0.574925636,0,0,-0.06363869,-0.275224566,0,-5.415853823,G,Humid continental b
index_343,0,-1.918854839,6.036365337,0,0,0,0,0,0,0,-1.09948173,J,Mid-latitude steppe
index_344,0,-2.652625759,0,0,0,0,-0.102990086,-3.248996061,0,0,-0.688164824,E,Subtropical steppe
index_345,0,-2.223938709,4.236960281,-1.179428829,0,-4.480177352,-0.903399948,0,-0.419491978,0,0,A,Humid subtropical
index_346,0.617855151,-4.1963894,4.391019029,0,0,-4.462670497,0,-1.55891351,-1.282603253,-3.53447616,-3.235165665,H,Sub-arctic
index_347,0,0,0,0,0,0,-0.891396238,-0.671835714,0,-0.438085965,0,J,Mediterranean b
index_348,0,0,4.24081175,0,0,-1.558579492,0,-0.33045795,0,-4.216061394,-1.763916732,G,Humid subtropical
index_349,0,0,5.055807811,0,0,0,-0.171714572,0,0,0,0,H,Subtropical steppe
index_350,0.948849127,-5.491043376,0,0,0,0,-0.385170801,-0.688021728,0,0,0,C,Equatorial savanna w
index_351,0,0,0,0,0,-0.069441661,0,-0.089641595,0,0,0,E,Subtropical dessert
index_352,0,-5.576971737,0,-0.096797495,0,0,-0.514359732,0,-1.608696866,0,0,B,Humid continental b
index_353,0,0,6.139676494,0,0,0,0,0,-0.463694252,0,-1.376329647,J,Mid-latitude steppe
index_354,0,-0.995034635,4.983544609,0,0,-6.641528794,0,0,0,-0.36813916,-2.634010187,J,mid-latitude desert
index_355,0,-2.48215015,0,-0.137777175,0,0,0,-2.470744989,0,0,0,D,Humid subtropical
index_356,0,0,0,-0.081640627,0,0,0,0,0,-16.65687713,0,D,Humid subtropical
index_357,0,-4.494274385,0,0,0,-21.50472311,0,0,0,0,-1.487068814,D,Humid continental a
index_358,0,-2.30357077,5.18019529,0,0,-11.45301157,0,-0.754846027,-0.232909036,0,0,H,Mid-latitude steppe
index_359,0,-2.731626651,5.025007102,0,0,0,-0.206317413,0,-0.313806374,-2.635363724,0,A,Humid continental b
index_360,0,-2.138101552,5.497813621,-3.584220195,0,0,0,0,0,0,-5.472493558,C,mid-latitude desert
index_361,0,-0.278199306,0,-10.59227275,0,0,-0.377788576,0,-0.189348931,0,0,I,Humid subtropical
index_362,0,0,0,-0.074424086,0,0,0,0,-0.21424042,0,0,J,Humid subtropical
index_363,0,-2.692819195,0,-2.136559721,-0.480135029,0,0,0,-0.50670187,0,-5.142095099,I,Humid continental b
index_364,0,0,0,0,0,-2.60792014,-0.10736075,0,0,-6.111765872,0,J,Mediterranean b
index_365,0,0,0,0,0,0,-0.446074154,0,-7.940679138,0,0,G,Humid continental b
index_366,0,-0.940194774,5.491307835,-0.127111231,-0.972634051,0,-0.339079332,-1.10330286,-0.470862189,0,0,J,Humid continental b
index_367,0,-2.838347155,5.504319406,-4.73559384,0,0,-0.211966856,-1.855113544,-9.622409858,-0.024818011,0,C,Humid continental a
index_368,0,-3.634990773,0,0,0,-21.21889245,-0.144948458,0,0,-0.315482577,-1.020382325,I,Humid continental b
index_369,0,0,0,0,-0.405951076,0,0,-0.421688215,0,0,0,E,Mediterranean b
index_370,0,-2.403149258,0,-3.53636365,0,-1.165076749,0,0,-0.491171342,-0.460091701,0,H,Sub-arctic
index_371,0,-2.214631066,4.768462963,0,0,-4.783629504,0,-0.218287549,0,0,0,E,mid-latitude desert
index_372,0,-4.717688124,0,0,-0.051516634,0,-0.151067388,0,0,-0.9966588,0,G,Mid-latitude steppe
index_373,0,-1.954017048,0,0,0,-0.239187942,0,0,0,0,0,H,Mid-latitude steppe
index_374,0,-1.984008344,0,-0.02088676,0,0,0,-0.595320008,-0.696652183,0,-6.841287175,C,Sub-arctic
index_375,0,-2.487694072,4.317841124,0,0,-3.750725063,-0.642747951,0,-0.882397455,-10.78419322,0,E,Subtropical steppe
index_376,0,0,0,-0.098481592,0,-0.131167581,-0.884536975,-1.340418457,-4.573184257,-1.533225899,0,D,mid-latitude desert
index_377,0,0,5.834823901,-0.017525672,-0.96851272,0,0,-0.123855945,-0.326252118,0,0,E,Humid continental b
index_378,0.599141363,-2.497395936,4.810829119,0,0,0,0,-0.228551854,0,-13.5276368,0,I,mid-latitude desert
index_379,0,-2.701135079,5.158871722,0,0,-1.33482303,-0.133584732,-0.229920428,0,-3.360454398,0,D,Mediterranean b
index_380,0,-5.508229048,0,0,0,0,0,0,0,0,-0.110739167,I,Humid continental a
index_381,0,-3.692276347,5.81009131,0,0,-8.070682094,0,0,0,0,0,E,Humid subtropical
index_382,0,-2.056401126,4.560483653,0,0,-1.867209094,-0.591303478,-0.07937729,-0.303849778,-1.547727712,0,B,Mid-latitude steppe
index_383,0,-1.857838065,0,-0.086412234,0,0,-0.26916747,-1.169282852,-9.657445915,0,0,I,Humid subtropical
index_384,0,-1.14780282,5.074762094,0,0,0,0,0,-4.632474004,-11.51292042,0,H,Mid-latitude steppe
index_385,0,0,4.822383525,-7.994962974,0,0,-0.233858449,-1.082684112,-0.462499596,0,0,B,Sub-arctic
index_386,0,0,0,0,0,-0.655837905,0,-0.060901542,0,0,-7.681443258,B,Mid-latitude steppe
index_387,0,-1.858872248,0,-0.070342765,0,0,0,0,0,0,0,J,Subtropical dessert
index_388,0,-2.95061158,0,-4.888376768,0,0,0,0,-9.377157462,0,0,C,mid-latitude desert
index_389,0,-1.798046889,5.227823535,0,0,-0.347208303,0,0,-0.414713354,0,0,A,Humid subtropical
index_390,1.112741322,-1.053791629,0,-9.904749576,-1.042696673,0,-0.482985278,-0.489375185,0,0,-6.54864854,E,Mid-latitude steppe
index_391,0,-2.038820022,4.29858378,0,-0.471892368,-20.02793137,0,0,0,0,0,B,Mid-latitude steppe
index_392,0,-2.261169283,0,0,0,0,-0.049667987,-0.989899749,-0.31007265,0,-5.548013206,I,Humid subtropical
index_393,0,-3.887047299,0,-0.025208158,0,-3.406423583,0,0,-0.442190443,-14.81362597,-7.898562245,C,Humid subtropical
index_394,1.348948264,0,5.177826004,-1.287106054,0,-3.645683933,0,0,0,0,-6.444809024,G,Equatorial monsoon
index_395,0,-4.247946416,4.371761686,0,0,-1.805483174,-0.947985158,0,-3.076118124,-0.20730339,0,C,Equatorial savanna w
index_396,0,-5.599885967,0,0,-0.550197652,-4.643574664,0,0,0,0,0,G,Humid subtropical
index_397,0,-0.164602451,0,0,0,-18.07475519,-0.345434956,-1.342480331,0,0,-5.840651842,H,Humid continental a
index_398,0,-2.642923895,0,-0.028809324,0,-1.990660935,0,-0.231973288,-0.626167476,-0.156937425,0,J,Subtropical steppe
index_399,0,-2.122588813,5.970313942,0,0,-0.640406425,0,-1.183715975,0,0,-2.254333043,B,Humid continental b
index_400,0,-0.40354756,5.696240069,0,0,-15.5499177,0,0,-3.417034174,0,-8.162881012,A,Humid continental b
index_401,0,-1.339742334,0,-1.669958411,0,0,-0.092937559,-0.165597451,0,0,0,H,Subtropical dessert
index_402,0,-2.641537915,5.54660701,-9.77743047,0,0,-0.395628952,0,0,0,-3.962100602,G,Humid subtropical
index_403,0,0,0,0,0,-1.489137831,0,0,0,0,0,H,Humid continental b
index_404,0,0,4.252366156,0,0,0,-0.130962334,-0.091010169,-0.288914885,0,0,E,Subtropical dessert
index_405,0,0,6.071931473,0,0,-18.83697029,0,0,0,0,-4.604017608,J,Mid-latitude steppe
index_406,0,-0.411381826,6.02789721,-0.125146452,-0.576986301,0,0,-2.406858707,-4.499072072,0,0,D,mid-latitude desert
index_407,0,0,0,-0.126549866,0,0,-0.750781345,0,0,0,0,F,Mid-latitude steppe
index_408,0,-3.016306572,0,0,-0.144246575,-1.574010972,-0.977137027,-0.066375838,-4.676941315,-1.968280304,0,F,Mediterranean b
index_409,0,-2.58194075,0,0,0,0,0,0,0,0,0,I,Mid-latitude steppe
index_410,0,-2.608274381,0,0,0,0,0,-0.822887894,0,-0.2754007,0,B,Humid subtropical
index_411,0,-1.860940613,0,-0.121497576,0,-3.149656377,-0.155472423,-2.819215618,0,0,0,G,Sub-arctic
index_412,0,0,4.464196935,0,0,0,-0.031748266,0,-1.97925779,-0.412150633,-5.019375671,E,Mid-latitude steppe
index_413,0,-1.715787097,0,-9.726502827,0,0,0,0,-3.431856611,0,0,B,Mediterranean b
index_414,0,-2.899330299,0,0,0,0,-0.810799897,-1.029075369,0,-6.45469632,-0.458776549,J,Humid subtropical
index_415,0,0,5.000129606,-8.606094687,0,-14.93061793,0,0,-4.484249635,0,0,I,Mediterranean b
index_416,0,-2.800925679,0,-0.032170411,0,0,-0.742207266,-0.015738601,0,0,0,H,Subtropical steppe
index_417,0,-0.826597918,0,-0.11167368,0,0,0,0,0,0,0,E,Subtropical steppe
index_418,0,0,0,0,0,0,0,0,0,0,0,H,Mid-latitude steppe
index_419,0,-2.2839213,4.649067433,0,0,0,-0.223971923,-0.265713892,-1.341893001,-0.371282837,0,C,Humid continental a
index_420,0,-3.909961529,0,0,0,0,-0.404241548,0,-0.679926999,-0.181025495,0,B,Subtropical steppe
index_421,0,-5.055673012,6.153225498,-0.012243963,0,0,-0.191487624,-0.593848552,-8.466219988,0,-1.550348338,F,Mid-latitude steppe
index_422,0,-0.223359445,5.075946736,-0.084447455,0,0,0,0,-0.195571803,0,0,E,Humid continental b
index_423,0,-2.699749098,0,-6.849091013,0,-3.779903155,-0.264224207,-1.123921608,0,0,-2.665649949,A,Humid subtropical
index_424,0,-4.889544847,4.506563091,0,0,0,-0.557007163,-0.189547495,0,0,-4.103699941,G,Humid continental a
index_425,0,0,0,-0.040092975,0,0,-0.81765916,0,0,-0.299764194,0,F,Sub-arctic
index_426,0,-4.32814622,0,-0.090341792,0,0,0,-3.045721527,0,0,0,A,Mediterranean b
index_427,0,-0.035337064,0,-0.124865769,0,0,0,0,-3.165052746,0,0,J,Mid-latitude steppe
index_428,0,0,4.830086463,0,0,-4.544369153,-0.458993047,0,-0.42188129,-0.239248419,0,I,Equatorial rainforest
index_429,0,-4.677588223,0,0,0,0,-0.406702289,-0.052005811,0,0,0,J,Mid-latitude steppe
index_430,0,-0.058839861,0,0,-0.39976908,-16.50268656,0,0,0,0,-0.221478334,A,Subtropical steppe
index_431,0,0,0,0,0,0,0,0,0,-0.189784793,0,C,Humid subtropical
index_432,0,0,0,-2.495483805,0,0,0,0,0,-4.143552326,-7.190565547,B,Mediterranean b
index_433,0,0,4.290880843,0,0,0,0,0,0,0,0,F,Humid subtropical
index_434,0,-0.998951768,0,-9.293617864,0,-19.31335472,0,-0.219656123,0,-4.013036005,0,E,Humid subtropical
index_435,0,-2.251861639,0,-0.160231794,0,0,0,0,0,-3.273443517,0,B,Mid-latitude steppe
index_436,0,0,4.876304087,-0.784612336,-0.018545988,-1.697462813,0,-3.034105839,-0.142055103,-0.05766538,-0.980832622,F,Subtropical steppe
index_437,0.918349368,-2.821715388,0,0,-0.956148728,-19.17043939,0,0,-0.306338927,-7.654952885,0,J,Subtropical dessert
index_438,0,-2.142238283,0,0,0,0,-0.498364912,0,0,0,0,J,Humid subtropical
index_439,0,0,0,-5.321261731,0,0,-0.228915186,-0.975466625,0,0,0,J,Humid continental a
index_440,0,-2.792609796,0,0,0,0,-0.33696079,-0.17038746,0,0,-1.091571789,F,Subtropical dessert
index_441,0.957868913,-4.815073601,0,0,0,0,-0.586159031,-0.069112986,0,-0.3123389,0,D,mid-latitude desert
index_442,0,-2.369885724,0,-0.030729945,0,0,-0.377173391,0,-0.244110206,-0.041606666,0,E,Humid subtropical
index_443,0,0,6.007573704,0,0,0,0,0,0,0,-2.618190306,I,Humid continental b
index_444,0,-2.922891969,0,0,0,-0.624974945,-0.227502825,0,-0.509091182,0,0,J,Subtropical dessert
index_445,0,-4.711959567,0,0,0,-6.546251907,0,0,0,0,-2.317612567,A,Mediterranean b
index_446,0,0,0,-0.093709985,0,0,0,-1.206396598,-5.785961652,0,-5.283694439,C,Humid continental b
index_447,0,-2.867452746,0,0,0,0,-0.097745289,0,-0.475640813,-14.72789336,0,F,Mid-latitude steppe
index_448,1.339863382,0,5.754792136,-8.988052007,0,0,0,0,0,0,0,A,Humid subtropical
index_449,0,-2.153614292,0,-3.63207674,0,0,0,-1.669262542,0,0,0,D,Mid-latitude steppe
index_450,0,-2.362955822,0,-4.17538977,0,-15.45464081,-0.809085081,0,0,0,-2.380892091,F,Humid continental a
index_451,0,-2.924277949,0,0,0,0,-0.11697621,0,0,-3.476468906,0,F,mid-latitude desert
index_452,0,-2.190844865,0,0,0,-1.705178553,0,0,-0.227930738,0,-8.19120088,I,Subtropical dessert
index_453,0,0,0,-8.045890617,-0.465710372,-3.919957994,-0.08550743,0,-0.199305526,-0.067884561,0,F,Humid subtropical
index_454,0,-1.527764715,6.097335856,-0.043213985,-0.129821918,-2.337869238,0,-0.514389935,0,-2.127800252,0,A,Humid subtropical
index_455,0,-3.566248084,6.14475737,-0.059059113,0,0,0,0,0,0,-1.661087505,F,Sub-arctic
index_456,1.280811646,-0.344790566,0,-0.004321399,0,0,-0.457147491,0,-8.063305336,0,-2.784299056,A,Humid continental b
index_457,1.317151176,0,0,-0.118129383,0,0,-0.501440839,0,0,0,0,B,Mediterranean b
index_458,0,-1.801964021,6.141370119,0,0,0,0,0,-0.384747116,-13.35617157,0,H,Humid subtropical
index_459,0,-2.85220696,5.112670658,-2.483519669,0,-4.305108802,0,0,0,-0.403505522,0,E,Subtropical steppe
index_460,0,0,0,0,-0.218430528,-15.93102524,0,0,-3.802417535,-1.28669507,0,E,Mid-latitude steppe
index_461,0,-4.631759763,0,0,0,0,0,-0.142331693,0,0,-7.313284974,C,Mid-latitude steppe
index_462,0,-4.689045337,6.073625099,-0.015845128,0,0,-0.899970317,0,-6.346538559,0,-7.926882113,G,Subtropical dessert
index_463,0,-1.867145709,0,0,0,0,0,0,0,-6.626161543,0,I,Mid-latitude steppe
index_464,0,-1.996418535,0,-0.569257885,0,0,-0.124406338,0,-4.810343248,-1.272193256,0,I,mid-latitude desert
index_465,0,-2.412851122,0,0,0,0,0,0,0,0,-5.179854923,D,Humid subtropical
index_466,0,-2.039854205,0,-0.041053286,0,0,0,0,0,0,0,B,mid-latitude desert
index_467,0,0,0,-5.830538158,-0.863418787,0,-0.370406351,-0.7734029,-3.135407872,0,0,I,Humid continental b
index_468,0,-1.919889022,0,0,0,0,0,-0.948662254,0,-0.416080228,0,I,mid-latitude desert
index_469,0,0,0,0,0,-0.408934223,0,-1.843497857,-3.031650813,0,0,B,Subtropical steppe
index_470,0,0,0,-0.049215928,0,0,-0.550147899,-2.070003766,0,-10.44126277,0,G,Humid continental b
index_471,0,-1.939538491,0,0,0,-4.684423993,0,0,-0.320029246,-1.91027305,-5.604652942,D,Subtropical steppe
index_472,0,0,0,-0.072263387,0,0,-0.033059465,-0.085535873,0,0,0,J,Humid subtropical
index_473,0,0,0,-0.055457948,0,0,0,-0.802269146,-0.190593505,0,0,D,Mid-latitude steppe
index_474,0,-5.032758782,0,-0.067221755,0,0,0,0,-0.7097934,0,0,A,Subtropical dessert
index_475,0,-2.134999005,5.058177096,0,-0.842812133,0,0,0,0,0,0,F,Mid-latitude steppe
index_476,0,-2.760732243,0,0,0,0,0,0,0,0,0,J,mid-latitude desert
index_477,0,-2.606888401,0,-4.480955626,0,0,0,0,0,0,-6.775207484,J,Mid-latitude steppe
index_478,0,0,0,0,0,-2.6773618,-0.038741328,-0.160807442,0,0,-3.858261086,H,Subtropical dessert
index_479,0,0,0,0,0,-0.810152706,-0.545003452,-2.354588113,0,0,0,B,Sub-arctic
index_480,0,-3.428762706,0,-0.022327226,0,-2.399595158,-0.394398581,-0.511447023,0,-3.20093445,0,E,Humid subtropical
index_481,0,-2.992190997,0,0,0,0,0,0,0,0,0,F,Humid subtropical
index_482,0,-2.150511744,5.89918167,0,0,0,0,-0.969281001,0,0,0,J,Subtropical dessert
index_483,0,0,0,0,0,-4.410149932,-0.038304261,0,0,0,-6.340969509,C,Humid continental b
index_484,0,-2.083289874,0,0,0,0,0,0,0,0,-6.067210785,H,mid-latitude desert
index_485,0,-2.619362226,0,0,0,0,-0.572440505,0,0,-0.194164442,0,F,Sub-arctic
index_486,0,-2.511255742,4.849343806,0,0,0,0,0,-5.575745312,-11.29858889,0,G,Humid subtropical
index_487,0,-5.319186653,5.157687079,-3.799574646,0,0,-0.392553025,-0.075955856,-0.499533934,-1.141676935,0,E,Mediterranean b
index_488,0.930521352,-2.155682657,0,0,-0.692383562,0,-0.129651135,-0.645349508,0,0,0,H,Subtropical dessert
index_489,0,-2.181537222,0,0,0,0,0,-0.652706787,0,0,0,J,Humid subtropical
index_490,0,-2.346324055,0,-11.07608536,0,-2.152691476,0,-1.158973478,0,0,0,C,Equatorial monsoon
index_491,0,-4.643216878,5.107932088,-0.012003885,0,-2.538478479,0,0,-8.851616611,0,-4.76449686,A,Mid-latitude steppe
index_492,0,0,0,-8.09681826,0,0,-0.387631542,0,-8.746508441,-5.683102813,0,H,Humid subtropical
index_493,0,-2.060537857,0,0,0,-20.98070024,0,0,0,-13.74196833,0,F,Subtropical dessert
index_494,0,0,4.971698183,0,0,0,0,-0.643878052,-8.939206753,0,-2.396711972,J,mid-latitude desert
index_495,0,-2.118452083,0,0,0,-0.262335162,0,0,-5.926105879,-0.168616489,-7.454884314,B,Humid continental b
index_496,0,0,0,0,0,-0.231472202,0,-0.26277098,-0.67036975,0,0,J,Humid continental b
index_497,0.715166848,0,0,-2.399770716,0,0,0,-1.167220977,-2.764846948,-15.84241732,0,E,Mid-latitude steppe
index_498,0,0,0,0,0,0,-0.118724475,0,0,0,0,D,Humid subtropical
index_499,0,-3.503233952,0,0,0,-20.83778491,0,0,-1.816210983,0,0,C,Humid continental b
index_500,0,0,5.994024699,0,0,0,0,0,-4.0692214,0,-0.735624467,I,Humid subtropical
index_501,1.18087794,-4.511460058,0,-0.11981348,0,0,0,-0.099221613,0,0,0,A,Mediterranean b
index_502,0,-0.364376231,0,-1.992990087,0,0,0,0,0,0,0,G,Mediterranean b
index_503,0,-2.162921935,0,-9.497328435,-0.725354207,-1.759188733,-0.266342748,0,-0.078581807,-0.209493214,0,H,Sub-arctic
index_504,0,0,0,0,0,0,-0.11216848,0,-0.211751271,0,0,I,Humid continental b
index_505,0,0,0,0,0,0,0,-0.710093566,-1.14920132,-0.434942288,0,E,Mediterranean b
index_506,0,-2.425324947,4.379464623,0,0,-4.030834742,0,0,-0.542541552,-6.797626767,0,G,Humid subtropical
index_507,0,-2.593028595,0,0,0,0,-0.836522133,0,-0.042489149,-2.461341962,0,G,Humid continental a
index_508,0,0,0,0,0,0,-0.713055398,0,0,-0.45223251,0,B,Humid continental b
index_509,0,0,5.125701728,0,0,0,-0.666755372,-0.058848681,-0.472056845,0,0,A,Subtropical dessert
index_510,0.576684818,0,0,-4.200853591,0,0,-0.06627651,0,0,-2.562854656,0,D,Humid subtropical
index_511,0,0,0,0,-0.307039139,0,0,0,-0.044978298,-0.413722471,0,B,Humid continental b
index_512,0,0,4.444939591,-0.01872606,0,0,0,0,0,0,-7.577603742,C,mid-latitude desert
index_513,0,-0.474055953,0,0,0,0,0,0,0,-14.04203247,-0.656525062,D,Humid subtropical
index_514,0,-2.306673318,0,0,0,0,-0.387016357,0,0,-0.375212432,0,J,mid-latitude desert
index_515,0.756337181,0,5.091347091,-0.13216352,0,0,0,-1.410522198,-0.04,0,-0.925463039,C,Mid-latitude steppe
index_516,0,0,0,0,0,0,-0.469451199,0,0,-0.091242689,0,B,Humid continental b
index_517,0,-2.669257526,5.103193517,0,0,-3.488122239,0,0,0,-0.161317074,-2.246423102,E,Mid-latitude steppe
index_518,0,-2.084324057,4.993021751,0,0,-10.11913516,-0.20137415,-0.501146832,-1.579051992,-4.868643001,-2.05658453,B,Humid subtropical
index_519,0,-1.092962959,0,0,0,-0.918173067,-0.433155261,0,0,0,0,E,Mediterranean b
index_520,0,-2.579168789,0,-1.777635636,0,-1.003046208,0,0,-0.185615208,0,0,E,Subtropical dessert
index_521,0.891141403,0,0,-0.038652509,0,-4.083355307,0,0,-1.504939807,0,0,B,Humid continental a
index_522,0.938397342,-2.233246352,0,0,0,-4.742780176,-0.114353812,0,-0.046222872,0,0,E,Humid subtropical
index_523,0,-2.238417266,0,-3.189403702,0,0,0,0,0,-0.048906081,0,J,Equatorial monsoon
index_524,0,-4.448445926,0,-0.041533442,0,0,-0.258574764,0,0,0,-5.113775231,G,Mid-latitude steppe
index_525,0,-0.904940577,0,-0.027608935,0,0,-0.485446019,0,0,-0.454590267,0,C,Sub-arctic
index_526,0,-1.633527305,0,0,0,-4.252588238,0,0,0,0,0,I,Subtropical dessert
index_527,0.846163362,-3.371477132,0,-8.758877615,0,0,-0.041800792,0,0,0,0,H,Humid continental b
index_528,0,-0.44271889,0,-0.065061056,-0.216369863,0,0,0,0,0,0,J,mid-latitude desert
index_529,0,0,0,0,0,-6.355698134,-0.465144901,0,0,-2.968905434,-7.36992471,H,Humid subtropical
index_530,0,0,5.936441432,-2.842443754,0,0,0,-0.083483012,0,0,0,J,Subtropical dessert
index_531,0,-1.022454566,5.949990436,0,-1.020029354,0,0,0,0,0,0,B,Humid continental b
index_532,0,0,4.248514687,-8.835269079,0,0,0,-1.460180165,-4.098866274,0,0,J,mid-latitude desert
index_533,0,0,0,0,-0.927299413,0,0,-0.152595998,0,0,0,A,Mediterranean b
index_534,0,0,4.487305747,-0.024487925,0,-3.809081246,0,-1.260005341,-5.856033765,0,0,J,Mid-latitude steppe
index_535,0,-0.513227283,0,0,0,0,-0.857099923,0,-0.297626906,0,0,G,mid-latitude desert
index_536,0,0,0,-0.040573131,0,0,0,0,0,0,0,B,Humid subtropical
index_537,0,-3.394391361,0,0,0,0,-0.617025715,-0.308386112,0,-0.458519863,0,A,mid-latitude desert
index_538,0,0,0,0,0,0,0,-2.04677239,0,0,0,D,Mid-latitude steppe
index_539,0,0,0,0,0,-3.756560681,0,-0.470246258,-7.082295749,-11.59865303,0,H,Subtropical dessert
index_540,0.950489088,-2.739942535,5.894100794,0,0,0,-0.622170162,0,-0.084804679,-9.541070346,0,E,Sub-arctic
index_541,0,-0.963697571,0,-4.710130018,0,0,0,0,0,-15.07082381,-5.189294879,B,Humid subtropical
index_542,0,0,0,0,-0.686201566,0,-0.608451636,-1.111550359,-2.260884092,-0.320984011,0,I,Humid continental a
index_543,0.949669107,0,0,-1.622101867,0,-16.59796345,0,-0.28042845,-0.867575018,0,-8.23840066,E,mid-latitude desert
index_544,0,-0.109762589,4.68758212,-0.071303076,-0.333827789,0,0,0,-2.51286552,0,-7.766402861,G,Humid continental b
index_545,0,-0.88143778,0,0,0,0,-0.427618592,0,0,0,-1.400059469,I,Mid-latitude steppe
index_546,0,-2.806469602,0,-0.041773519,0,0,0,0,0,-0.200003974,0,B,Mid-latitude steppe
index_547,0,-2.812013524,0,0,0,-9.16636629,-0.298827048,0,0,0,0,J,Mediterranean b
index_548,0,0,0,-7.35836744,-0.867540117,-7.356105444,0,0,-0.068625212,-15.7138184,0,G,Humid continental a
index_549,0,0,0,-0.134970348,0,-4.509355443,-0.083759165,0,0,0,-7.143365767,A,Mediterranean b
index_550,0,-0.289950705,0,0,0,0,0,0,0,0,0,B,Subtropical steppe
index_551,0,-0.231193711,0,-0.105779343,0,-11.97703445,0,-0.888867886,0,0,0,F,Subtropical dessert
index_552,0,-3.199620409,0,-0.068662221,-0.939663405,0,-0.047919722,-0.930105381,0,0,0,G,Mediterranean b
index_553,0,-0.818763652,5.917811551,0,0,0,0,-0.610034567,-0.420686634,-0.14452842,0,B,Mediterranean b
index_554,0,-2.267374379,0,0,0,0,0,-0.71597939,0,-0.41450839,0,H,Humid subtropical
index_555,0,-2.278750387,0,0,0,-0.725279565,0,0,0,0,-3.100696676,H,Humid subtropical
index_556,0.923361361,-2.663713604,0,-2.459591397,0,-18.88460873,0,-1.383717826,-7.274994061,-0.331986879,0,I,Sub-arctic
index_557,0,-3.182434737,0,-0.047775462,0,-1.743757253,0,-1.431140946,0,0,0,H,mid-latitude desert
index_558,0,-2.712222923,0,0,0,-7.59429766,0,-0.371658715,0,0,0,C,Humid subtropical
index_559,0.632826181,-2.159819387,0,0,0,0,0,-0.14301598,-0.538957584,0,-7.436004402,J,Subtropical steppe
index_560,0,-3.216806082,0,0,0,0,-0.154766242,0,-1.934790479,0,0,I,Subtropical steppe
index_561,0,-1.668781501,0,0,0,0,0,-0.892991635,0,-3.795508803,0,H,Humid continental b
index_562,0,-2.239451448,5.090162448,0,0,0,0,0,0,0,-3.053237033,A,mid-latitude desert
index_563,0,0,4.989467823,0,0,0,0,0,0,0,0,F,Mediterranean b
index_564,0,-3.761019036,0,-9.140834936,0,0,-0.199255609,-1.136292856,0,0,0,I,Humid continental a
index_565,0,0,0,0,-0.754203523,0,0,-0.486432273,-0.168191166,-0.186865027,-4.85889642,B,Mediterranean b
index_566,0.790021999,0,0,-2.914228571,0,-0.432081443,0,-2.482360677,-4.247090644,-0.363423645,0,G,Humid continental a
index_567,0,-2.744100476,0,-0.007682486,0,-0.370355523,0,0,0,0,-0.205658453,D,Subtropical steppe
index_568,0,-2.343903892,0,-0.147320388,0,0,0,-1.245572218,0,-0.070804327,0,J,Humid continental b
index_569,0,-0.297784971,4.853195275,-1.61013773,-0.344131115,0,0,-0.621806214,-0.092272126,0,0,B,Sub-arctic
index_570,0,-0.779592323,0,-0.796576472,-0.752142857,-17.45545543,-0.506977508,-0.012317166,0,0,0,H,Subtropical dessert
index_571,0,-3.623533658,0,-0.07298362,-0.162792564,-4.328451276,0,-1.055879741,-9.692481972,0,0,H,Humid continental b
index_572,0,-3.039220802,0,-0.581222022,0,-12.26286511,0,0,-7.712944769,-0.19781415,0,G,Humid subtropical
index_573,0,0,0,0,0,0,-0.035681863,0,0,0,-2.831758699,E,Mediterranean b
index_574,0,-2.319083509,4.706839464,0,0,0,-0.366715239,-0.102643048,0,0,-2.21478334,I,Mediterranean b
index_575,0,0,4.637513027,0,-1.02621135,0,-0.518050845,-1.286809713,0,-0.437300046,-7.719203081,F,Humid continental a
index_576,0.771308211,-5.107230029,4.325544061,-1.693886683,0,0,-0.815944344,-1.512450759,0,0,0,F,mid-latitude desert
index_577,0,-2.344938074,6.105803983,0,0,-0.03086296,-0.433770446,-0.182020338,0,0,0,D,Humid continental a
index_578,0,-2.874382649,0,0,0,0,-0.085944497,-0.082114438,0,-1.721749474,0,H,Humid continental b
index_579,0,0,0,0,0,0,0,-0.183388912,0,0,-2.594460484,F,Humid continental a
index_580,0,-2.550063198,6.010960955,-0.700863383,0,-1.033909168,-0.91883329,-1.385779701,0,0,-3.322175011,A,Humid subtropical
index_581,0,0,0,0,0,-4.200067673,0,-3.167686247,0,0,0,G,Mid-latitude steppe
index_582,0,-0.027502798,0,0,0,0,0,-1.251757842,0,-3.621487041,0,H,Subtropical dessert
index_583,0,-2.175332126,0,0,0,-15.83574836,0,0,0,0,0,F,Sub-arctic
index_584,0,-3.291277328,4.548929247,0,0,0,-0.142763126,0,-0.079826382,0,0,G,Subtropical steppe
index_585,0,0,0,0,0,-3.178834469,0,0,0,0,-5.396973911,J,Mediterranean b
index_586,0,-2.321151874,0,-3.033869932,0,0,0,0,0,0,-6.926246779,B,Humid subtropical
index_587,0,0,0,0,0,0,0,0,0,0,0,F,Sub-arctic
index_588,0,-1.864043161,0,0,0,-2.252996097,0,-0.771341025,0,-0.208763273,-2.721019532,F,Humid subtropical
index_589,0,-4.952558979,0,-0.036731888,-0.644988258,0,0,0,0,0,0,D,Humid subtropical
index_590,0,-3.46313405,0,-11.20340447,0,-0.00771574,-0.31930628,-0.847630391,-0.823107707,0,-4.585137696,J,Humid continental a
index_591,0,0,4.622107152,-0.001200388,0,-4.258423856,0,-3.074760746,0,0,0,G,Mediterranean b
index_592,0.857391635,0,5.034484243,0,0,-11.78648067,0,0,-1.83103342,-0.246321691,-3.282625308,B,Humid continental b
index_593,0,-2.519571625,0,0,0,0,-0.887966606,-0.188178921,-4.945096292,0,-5.094895319,E,Humid continental a
index_594,0,-3.577705199,0,0,0,-14.64478727,0,0,0,-0.242392096,-1.289320302,B,Humid subtropical
index_595,0,0,0,-0.09623613,0,-0.979898987,-0.175245474,-0.533518861,0,-3.984032378,-1.249770599,I,Mid-latitude steppe
index_596,0,0,0,-8.937124365,0,-15.07353326,-0.116539144,0,0,0,0,I,Subtropical dessert
index_597,0,-5.439486359,0,0,-0.088608611,-20.40903892,0,-1.1899016,-1.593874429,0,0,J,Mid-latitude steppe
index_598,0,0,0,-8.300528831,0,0,-0.283291079,-0.702736287,-5.260420802,0,-6.265449861,E,Mid-latitude steppe
index_599,0,-0.254696508,5.021453174,0,0,0,-0.65132203,-3.173494091,0,-1.924774863,0,I,Humid subtropical
index_600,0,-2.070879683,4.356355811,0,0,0,-0.079825568,0,-2.246061655,-0.008759298,0,I,mid-latitude desert
index_601,0,-3.285548771,5.644193788,0,0,-3.266368743,-0.4399223,0,-1.712453924,0,0,A,Humid subtropical
index_602,0,-2.309775866,0,0,0,0,0,-0.61592039,-9.166941121,0,-1.320960064,J,mid-latitude desert
index_603,0,-2.0936317,0,0,0,-3.733218208,0,0,0,0,-3.187706022,A,Mid-latitude steppe
index_604,0,-2.884084513,6.014348206,0,0,0,-0.36794561,0,0,0,-0.640705181,D,Humid continental b
index_605,0.94064932,0,0,0,0,0,0,-1.866729232,0,0,0,D,Subtropical steppe
index_606,0,-2.126725544,0,-11.27979593,0,0,0,-2.552054803,0,0,0,A,Humid subtropical
index_607,0,-4.488545828,4.321692593,0,-0.212248532,0,0,-3.016682308,0,0,0,J,Humid subtropical
index_608,0,0,0,0,0,0,0,-0.696850463,0,-16.52827821,0,F,Equatorial monsoon
index_609,0,-0.286033572,0,-1.825492181,0,0,-0.400550435,-3.115415653,0,-0.808135225,-2.183143578,A,Subtropical steppe
index_610,1.094571557,-4.35106045,0,0,0,0,0,0,0,0,0,I,mid-latitude desert
index_611,0,0,0,-0.017285594,0,0,-0.893111054,0,-5.155312632,0,0,E,Humid continental a
index_612,0,-4.219303629,0,0,0,0,-0.468836014,-1.270314715,0,-4.997241918,-6.888486955,D,Subtropical dessert
index_613,0,0,5.83143665,0,0,0,0,0,0,-12.8417759,0,F,Sub-arctic
index_614,0,-2.921505988,0,-5.779610516,0,-1.712894293,0,0,0,-0.198544091,0,D,Humid subtropical
index_615,0,-3.531876739,0,0,0,0,0,-0.583548361,-0.684705623,0,0,D,Humid continental a
index_616,0,-2.459974461,0,0,0,0,-0.343316414,0,0,0,-5.321454263,H,Humid continental a
index_617,0,0,0,-0.001440466,0,-0.200609242,0,-0.210760392,0,0,0,J,mid-latitude desert
index_618,0,-2.275647839,5.032114958,-0.150127216,0,-4.089190925,0,-0.233341862,-0.697846839,0,0,C,Humid continental b
index_619,0,0,0,0,0,-13.31091086,-0.783362844,0,0,0,0,H,Humid subtropical
index_620,0,0,0,-7.765788582,0,0,-0.352565975,-1.375470327,-2.438753335,0,-0.340127442,F,Humid continental b
index_621,0,-4.941101864,0,0,-0.282311155,0,-0.418390812,0,0,0,-6.539208584,D,Mid-latitude steppe
index_622,0,-2.831417252,5.944909559,-0.088377013,0,0,-0.757640608,0,-0.699041495,0,-0.711894645,C,Humid continental a
index_623,0,-0.485807352,5.97878207,0,0,-2.881217935,-0.795366555,-0.216234688,0,0,0,G,Humid continental b
index_624,0,0,0,0,0,0,0,-0.204601809,0,0,-7.60592361,E,Mid-latitude steppe
index_625,0,-1.300571005,5.715757425,0,-0.587289628,-3.184670087,0,0,0,0,0,F,mid-latitude desert
index_626,0.983288313,-2.77736401,0,0,0,0,0,0,0,0,-5.670732634,A,mid-latitude desert
index_627,1.000507906,0,0,0,0,-3.412259201,0,0,0,-0.185405144,-4.566257784,D,Humid continental b
index_628,0,0,4.437236654,-0.090061109,0,-11.83411912,0,-0.08622016,0,-5.168707142,0,F,Subtropical dessert
index_629,0.778793726,-0.007917133,5.211559072,-2.268165219,0,-2.553909959,0,0,0,-0.503597142,0,F,Humid subtropical
index_630,0,0,0,0,0,0,0,-0.025318619,0,-0.16423684,0,J,Mid-latitude steppe
index_631,0,-2.814785485,4.375613155,0,0,-8.547066527,-0.20208033,0,0,0,-4.169779633,C,Sub-arctic
index_632,0,-2.706679001,0,0,-0.954088063,0,-0.15194152,-2.964411714,-0.469667533,0,0,C,Subtropical dessert
index_633,0.816221302,0,5.458778909,0,0,0,0,-0.196390365,-9.026796895,0,0,A,mid-latitude desert
index_634,0,0,0,0,0,0,0,0,-0.236642759,0,0,G,Humid continental b
index_635,0,0,0,-4.124462127,0,-2.114112776,0,0,0,0,-4.528497961,B,Subtropical steppe
index_636,0,-2.685889293,0,0,0,0,0,-1.358975329,0,0,0,B,mid-latitude desert
index_637,0,-1.707952831,6.087174103,-7.231048333,0,0,0,-2.401050863,-0.283936587,0,0,G,Humid continental a
index_638,0.86487715,0,5.094901019,-10.54134511,0,0,0,-0.023950045,0,0,0,A,Humid continental b
index_639,0.808735787,-3.297005885,0,0,0,0,-0.183013459,0,0,-0.2384625,0,A,Humid subtropical
index_640,0,0,5.218064857,0,0,0,0,-3.370960781,-8.518774073,-0.064234853,0,F,Subtropical steppe
index_641,0,-2.066742952,4.985913895,-7.129193048,0,0,0,-0.508504111,-0.633335412,-8.683744227,0,I,Subtropical dessert
index_642,0.602884121,-2.508483781,0,-11.127013,0,0,-0.449150081,0,-0.337453288,0,-6.73744766,H,Humid subtropical
index_643,0,-2.989419036,0,-0.0333708,0,0,-0.970277763,-0.151227424,0,-2.185807506,0,H,Mid-latitude steppe
index_644,0,-1.406333594,6.075318724,0,0,0,0,0,-1.475294933,-4.129050513,-4.519058005,J,Subtropical steppe
index_645,0,0,0,-0.079675848,-0.403890411,0,0,0,-6.223912361,-0.058395321,0,J,Subtropical dessert
index_646,0,-2.978331191,0,0,0,0,-0.156178603,0,0,0,0,E,Humid continental a
index_647,0,0,0,0,0,-5.30765238,0,0,-6.504200814,0,0,A,Mediterranean b
index_648,0.673996515,-0.20377378,0,0,0,0,-0.128777002,0,0,-0.276186619,-1.961665244,D,Mediterranean b
index_649,0,0,4.941779055,-0.156863602,0,0,-0.297414687,0,0,0,0,F,Subtropical dessert
index_650,0.752594423,-2.595800556,5.137548154,0,0,0,0,-1.936423358,-5.015168405,-0.262040074,0,C,Humid continental a
index_651,0,-1.484676253,0,0,0,0,0,0,0,0,0,I,Humid continental a
index_652,0,0,0,-0.140584003,0,-17.55073232,0,-2.668211679,0,0,0,A,Humid subtropical
index_653,0,0,6.029590835,-0.106621391,0,-2.66964606,0,0,-4.721408626,-0.105111578,0,H,Mediterranean b
index_654,0,-5.531143278,0,-0.160512477,0,-2.530762739,0,0,-9.009278866,-6.754760461,-7.709763125,E,Humid continental b
index_655,0,0,0,-3.920751556,0,0,0,0,-0.216729568,-13.05610743,0,B,mid-latitude desert
index_656,0,0,0,-0.090903158,0,0,0,-0.48054645,0,-16.69974343,-2.001214947,B,mid-latitude desert
index_657,0,-2.658169681,6.056688843,-0.832468881,0,-20.12320826,-0.390092284,-0.354001244,0,0,0,H,Humid subtropical
index_658,0,-2.545905256,0,-8.376920295,0,-3.914122376,0,0,-1.134378883,0,0,J,Subtropical dessert
index_659,0,0,6.083786852,0,0,0,-0.409163031,-1.377532202,0,0,0,C,Mid-latitude steppe
index_660,0,0,0,0,-0.504863014,0,0,0,0,0,0,F,Humid subtropical
index_661,0,-1.610024507,5.990637448,0,-0.362677104,-1.35025451,-0.225384284,0,-3.995109215,0,0,J,Sub-arctic
index_662,0,-2.031580744,4.984729252,0,0,0,0,-0.748660402,0,-0.345347505,0,F,Humid subtropical
index_663,0,0,5.741780566,0,0,0,0,-0.197074652,0,0,-2.507451139,A,Subtropical steppe
index_664,0,-0.227276578,0,0,0,0,0,0,0,0,0,H,Humid subtropical
index_665,0,-2.218767796,0,-0.111392998,0,0,0,0,0,0,0,A,Humid subtropical
index_666,0,-1.116465756,0,0,0,-4.042505978,-0.371636722,-0.317214847,-0.073603509,0,0,H,Mediterranean b
index_667,0,-0.062756994,0,0,0,-0.763858266,0,0,0,-0.132119414,-2.68937977,I,Humid subtropical
index_668,0,-0.885354912,0,-2.866372026,-0.020606654,0,0,0,-7.590318571,-1.823262169,0,F,Mid-latitude steppe
index_669,0,-1.253565409,0,0,0,0,0,-0.699793375,-6.329020531,0,0,I,Humid continental b
index_670,0,0,0,0,0,-1.203655449,0,-0.841444766,0,0,0,F,Subtropical steppe
index_671,0.88612941,-2.735784593,0,-0.029049401,0,-3.470615384,-0.93941108,-0.33781523,-0.405156105,-0.427869016,-2.349252329,F,mid-latitude desert
index_672,0,0,0,-2.85440789,-0.834569472,0,0,0,0,-1.359204137,-0.46668649,J,Humid subtropical
index_673,0,-0.282116439,0,-2.07673904,0,0,0,0,-0.193082654,0,-4.830576552,I,Mediterranean b
index_674,0,-3.795390381,0,-4.073534484,0,-4.293437566,0,-0.680664449,0,-1.765254915,0,A,Humid continental b
index_675,0,-3.904232971,0,-0.005281709,0,0,-0.474372682,-0.078693003,0,-2.388832895,-7.200005503,D,Subtropical dessert
index_676,0,-4.654673993,0,0,0,0,-0.66332574,0,-0.247843929,0,0,E,Subtropical dessert
index_677,0,0,0,0,0,0,-0.755925792,-0.201180374,-0.166946591,0,0,H,mid-latitude desert
index_678,0,0,0,0,-0.055637965,0,0,-0.756907901,-0.118408189,-0.244749853,0,H,Humid continental a
index_679,0,-0.188105248,0,0,0,-0.470660144,-0.091189293,-0.646820964,0,-0.324913607,-2.982047569,I,Sub-arctic
index_680,0,-2.050196031,0,0,-0.667655577,0,0,0,-7.502728429,-12.19878131,0,J,Mediterranean b
index_681,0,-2.461360442,0,0,-0.286432485,0,-0.063217045,0,-0.112185317,0,0,F,Mediterranean b
index_682,1.176335498,-1.943675222,0,0,0,0,0,0,0,-8.297947474,0,H,Humid subtropical
index_683,0,-0.912774843,5.139917439,-0.097078178,0,0,0,0,-0.397988169,-1.881269423,0,D,Mediterranean b
index_684,0,-3.434491263,5.719010317,0,0,0,0,0,0,0,-6.624168188,C,Mid-latitude steppe
index_685,0.962788797,-3.079320704,0,-0.159389746,0,0,0,0,-0.059913191,0,0,J,Humid subtropical
index_686,0,-2.961699425,5.380709487,-8.351456473,-0.624381605,-20.93306179,-0.262811846,-2.191968486,0,-4.114548699,0,H,Subtropical steppe
index_687,0,-2.60550242,0,-3.84743119,0,0,-0.56215161,-2.575286178,0,-0.108761285,0,J,Mediterranean b
index_688,0,-5.021301668,0,0,0,0,-0.094248758,0,-0.46130494,0,-5.085455363,B,Humid subtropical
index_689,0,-1.657030103,0,0,0,0,-0.479909351,0,0,0,-6.822407263,A,Mid-latitude steppe
index_690,0,-2.891014416,0,0,0,0,-0.882822159,-0.15670172,0,-2.548352843,0,F,Subtropical steppe
index_691,0,-2.97555923,6.122740239,-2.280129355,0,0,0,0,0,0,0,J,Humid subtropical
index_692,0,0,0,-9.624647541,0,0,-0.032622398,-0.429045494,-0.431438539,-0.335916475,-0.862183515,I,Humid subtropical
index_693,0,-3.657905003,0,-0.234262073,0,-3.908286757,0,0,-0.423075946,0,0,H,Humid continental b
index_694,0,-2.028478196,5.098454947,0,0,0,-0.373482278,-1.424955321,-0.570018641,0,0,H,Humid continental b
index_695,0,-0.807012254,0,0,0,-3.021272774,0,-0.017107175,0,0,-7.785282773,I,mid-latitude desert
index_696,0,-2.38374553,0,0,0,0,-0.798796186,-0.464360435,-0.26775712,-0.145988303,-0.395497025,J,Mid-latitude steppe
index_697,0,-1.942641039,5.070023523,0,0,0,-0.051853319,-0.386373274,-3.565258544,-1.127175121,-1.629447743,D,Humid subtropical
index_698,1.376202912,-5.336372325,0,-0.091745206,-1.011786693,0,-0.654751662,-0.701264831,0,0,0,F,Humid continental a
index_699,0,-2.250827457,5.439261554,0,0,-4.124204635,0,-1.334232832,0,0,0,I,Mid-latitude steppe
index_700,0,-1.316239536,5.067654238,0,-0.440982387,-7.641936104,-0.719914661,0,0,0,-1.186491075,J,Subtropical steppe
index_701,0.881117416,0,5.174272076,-0.034571188,0,-4.165053963,0,-2.627556772,0,-5.725969119,-3.886580954,E,Mediterranean b
index_702,0,0,0,-0.057618647,0,-3.972478559,0,0,0,0,-0.703984705,H,Humid continental b
index_703,0.965248739,-0.462304554,0,-1.753707364,0,0,-0.034370664,-0.611506023,-0.347409883,-0.015328772,-2.902948164,C,Humid subtropical
index_704,0.920497365,-2.269442744,0,0,0,0,0,-0.184757486,-2.0237251,-3.128425382,0,B,Humid continental b
index_705,0,0,6.004186452,-9.573719899,0,-3.371409873,0,-0.225814706,0,0,0,B,Subtropical steppe
index_706,0,-3.308463,0,0,0,-1.736041513,0,0,-0.653644565,-3.099421755,-5.255374571,G,Mediterranean b
index_707,0,0,0,-0.118410066,-0.276129159,0,0,0,0,0,0,E,Subtropical steppe
index_708,0,0,0,0,0,-1.219086929,0,0,-0.369812223,0,0,F,Subtropical dessert
index_709,0,-4.368246122,4.918670243,-0.104656612,0,0,-0.16747749,-1.750572356,-3.906174594,0,0,A,Mediterranean b
index_710,0,-2.258066735,0,0,0,0,0,0,-0.293893183,0,0,A,Humid continental b
index_711,0,0,0,0,0,0,-0.095559957,-0.742474778,-0.18063691,0,-4.150899721,A,Humid subtropical
index_712,0,-2.006760361,4.860898212,0,0,0,0,0,0,-14.256364,0,J,Humid subtropical
index_713,0,-2.080187326,4.872452619,0,0,0,-0.889681422,0,0,0,-5.434733735,G,Equatorial rainforest
index_714,0,-2.285989666,0,0,0,0,0,-0.604148743,0,-0.24710761,0,B,Humid subtropical
index_715,0,-0.84226645,0,0,0,0,-0.333429888,0,0,-3.461967093,0,I,Humid continental b
index_716,0,-0.031419931,4.625958621,-0.341939299,0,0,-0.393168211,0,0,0,0,J,Subtropical dessert
index_717,0,0,0,-0.030970023,0,0,0,-3.08056859,-0.426659914,0,-1.075751908,C,Subtropical dessert
index_718,0,-1.762792692,0,0,0,0,0,0,0,-11.12712366,0,B,Humid continental a
index_719,0,-2.635993992,0,0,0,0,0,0,0,-2.171305692,0,E,Subtropical steppe
index_720,0,0,6.041446214,0,0,0,-0.538144189,0,-5.523191227,0,-5.264814527,I,mid-latitude desert
index_721,0,-1.962290509,5.517330976,-0.129356693,-0.032970646,-3.137985141,0,0,-0.363589351,-2.852890926,0,G,Humid continental a
index_722,0,-2.813399504,4.221554406,-0.152372678,0,0,0,0,-0.37479052,0,-5.58577303,E,Subtropical steppe
index_723,0,-2.291160579,0,-2.603161031,0,-11.07190402,-0.511283806,-3.32449803,0,-6.326097402,-5.378093999,E,mid-latitude desert
index_724,0,-2.254964187,0,-6.390742228,0,-3.476451002,-0.442383042,0,0,-0.227459632,0,I,Humid subtropical
index_725,0,0,0,-0.664970975,0,-2.283859057,0,0,0,0,0,C,Humid continental b
index_726,0,-2.237383083,0,0,0,0,0,-1.408460323,0,0,0,I,Humid continental a
index_727,0,-0.011834266,0,0,0,-0.509238844,-0.754210976,-3.086376434,-1.252958379,0,0,D,Subtropical steppe
